ss_nospace2,ss_nospace_new
BGxh1/07,BGxh1/Fm01
BGxh1/08,BGxh1/Fm06
BGxh2/07,BGxh2/Fm01
BGxw1/03,BGxw1/102
BGxw1/06, BGxw1/Fm01
BGxw1/07, BGxw1/Fm05
PPxh1/07,PPxh1/Fm05
PPxh2/07,PPxh2/Fm01
PPxh2/11,PPxh2/Fm05
PPxh1/03,PPxh1/103
PPxh2/06,PPxh2/110
BGxh1/04,BGxh1/102
BGxh1/05,BGxh1/110
IDFxh1/10,IDFxh1/Fm01
IDFxh1/13,IDFxh1/112
IDFxh1/09,IDFxh1/111
IDFxh1/12,IDFxh1/111
IDFxh2/06,IDFxh2/110
IDFxh2/09,IDFxh2/112
IDFxh2/12,IDFxh2/113
IDFdk1/07,IDFdk1/Fm05
IDFdk1/01,IDFdk1/101
IDFdk1/02,IDFdk1/102
IDFdk1/04,IDFdk1/104
IDFdk1/05,IDFdk1/105
IDFdk1/06,IDFdk1/110
IDFdk2/01,IDFdk2/101
IDFdk2/05,IDFdk2/101
IDFdk2/03,IDFdk2/104
IDFdk2/04,IDFdk2/105
IDFdk2/06,IDFdk2/110
IDFdk2/08,IDFdk2/111
MSdm2/01,MSdm2/101
MSdm2/02,MSdm2/102
MSdm2/03,MSdm2/103
MSdm2/04,MSdm2/104
MSdm2/05,MSdm2/111
MSdm2/06,MSdm2/112
Msxk/01,MSxk1/101
Msxk/06,MSxk1/101
Msxk/05,MSxk1/101
Msxk/07,MSxk1/110
Msxk/09,MSxk1/113
Msxk/01,MSxk2/101
Msxk/06,MSxk2/101
Msxk/02,MSxk2/102
Msxk/05,MSxk2/104
Msxk/07,MSxk2/110
ESSFdc2/08,ESSFdc2/112
ESSFmw/04,ESSFdh1/101
ESSFmw/02,ESSFdh1/102
ESSFmw/04,ESSFdh1/103
ESSFmw/03,ESSFdh1/104
ESSFmw/06,ESSFdh1/110
ESSFmw/07,ESSFdh1/110
ESSFmw/08,ESSFdh1/111
ESSFmw/01,ESSFmw1/101
ESSFmw/05,ESSFmw1/101
ESSFmw/02,ESSFmw1/102
ESSFmw/04,ESSFmw1/103
ESSFmw/03,ESSFmw1/104
ESSFmw/08,ESSFdh1/111
ESSFxc/02,ESSFxc1/102
ESSFxc/02,ESSFxc1/103
ESSFxc/08,ESSFxc1/112
ESSFxc/02,ESSFxc2/102
ESSFxc/05,ESSFxc2103
ESSFxc/08,ESSFxc2/112
